t,state,done_bytes,down_rate,peers,seeds,rss_kb,cpu_s
.041246869,metadata,0,0,0,0,14404,0
5.476968143,metadata,0,0,0,0,14408,0
10.592660666,metadata,0,0,0,0,14408,0
15.721609242,metadata,0,0,0,0,14408,0
20.888841598,metadata,0,0,4,0,15352,0
26.089350360,metadata,0,0,5,0,15356,0
31.268557404,metadata,0,0,5,0,15356,0
36.476029898,metadata,0,0,5,0,15356,0
41.662425890,metadata,0,0,5,0,15356,0
46.950164292,downloading,0,0,4,0,16056,0
52.107391991,downloading,0,0,4,0,16056,0
57.511873235,downloading,0,0,4,0,16056,0
62.753915773,downloading,0,0,0,0,16056,0
67.870827103,downloading,0,0,0,0,16056,0
73.198049812,downloading,0,0,0,0,16056,0
78.492184714,downloading,0,0,0,0,16056,0
83.660175602,downloading,0,0,0,0,16056,0
88.924663648,downloading,0,0,0,0,16056,0
94.079287512,downloading,0,0,0,0,16056,0
99.597166091,downloading,0,0,0,0,16056,0
105.166228453,downloading,0,0,0,0,16056,0
110.549774563,downloading,0,0,0,0,16056,0
115.821398786,downloading,0,0,0,0,16056,0
121.065069937,downloading,0,0,2,0,16056,0
126.256386866,downloading,0,0,3,0,16056,0
131.636562986,downloading,0,0,3,0,16056,0
136.998787070,downloading,0,0,3,0,16056,0
142.327032365,downloading,0,0,3,0,16056,0
147.581725837,downloading,0,0,3,0,16056,0
152.908257626,downloading,0,0,3,0,16056,0
158.083623582,downloading,0,0,3,0,16056,0
163.489617646,downloading,0,0,3,0,16064,1
168.842186853,downloading,16384,2364,4,1,18220,1
174.115227942,downloading,278528,32384,4,1,18580,1
179.553743792,downloading,720896,73988,4,1,19044,1
185.104680631,downloading,1703936,138378,4,1,20032,1
190.705564313,downloading,3014656,183873,4,1,21824,1
196.228559618,downloading,4194304,259722,4,1,23024,1
201.385702931,downloading,5242880,236009,4,1,24152,1
206.708649044,downloading,7421952,299677,1,1,26360,1
211.985625903,downloading,8732672,297858,1,1,28008,2
217.173635178,downloading,10436608,331810,1,1,29376,2
222.684339821,downloading,11632640,280589,1,1,30760,2
227.822714603,downloading,13025280,269013,1,1,32120,2
233.573790559,downloading,14761984,306896,1,1,33816,2
238.793567053,downloading,15663104,246670,1,1,34792,2
244.191835932,downloading,15761408,90287,1,1,34888,2
249.465896746,downloading,16334848,102655,1,1,35512,2
254.773710137,downloading,18087936,291952,1,1,37240,2
259.979864191,downloading,19283968,251348,1,1,38328,2
265.094210787,downloading,21118976,293547,4,1,40200,2
270.342080967,downloading,22560768,316825,4,1,41528,2
275.759012669,downloading,24035328,310698,4,1,43320,2
281.123814116,downloading,26263552,360061,4,1,45144,2
286.258429739,downloading,27623424,259569,4,1,46472,2
291.536356579,downloading,28180480,177347,4,1,47020,3
297.226406052,downloading,28377088,75361,4,1,47228,3
302.407350628,downloading,29097984,105924,4,1,47916,3
307.533590708,downloading,30162944,184674,4,1,48956,3
312.759946143,downloading,30834688,167093,4,1,49612,3
318.232613913,downloading,31965184,220285,4,1,50716,3
323.422519051,downloading,32325632,139979,3,1,51068,3
328.548904688,downloading,33259520,198393,3,1,51980,3
333.743368550,downloading,33488896,74124,3,1,52204,3
338.869563358,downloading,34013184,81124,3,1,52716,3
344.106486086,downloading,34652160,124132,1,1,53340,3
349.301306475,downloading,34979840,80588,1,1,53660,3
354.547502649,downloading,35536896,116855,1,1,54204,3
359.717861884,downloading,36077568,106411,1,1,54764,3
365.288471966,downloading,37011456,112325,1,1,55660,4
370.465369220,downloading,37994496,208049,1,1,56604,4
375.711906917,downloading,38666240,137727,1,1,57260,4
381.195360586,downloading,39419904,151981,1,1,57996,4
386.452092506,downloading,39972019,112369,1,1,59004,4
391.728363265,downloading,40987827,143962,1,1,59516,4
396.951101313,downloading,42085555,202653,1,1,60588,4
402.116648906,downloading,42642611,124736,1,1,61132,4
407.377065681,downloading,43642035,143036,3,1,62108,4
412.651041937,downloading,44706995,183906,3,1,63148,4
418.065972103,downloading,45739187,178020,3,1,64156,4
423.300134279,downloading,46771379,180470,3,1,65164,4
428.409442989,downloading,47852723,192829,3,1,66220,4
433.740903803,downloading,47852723,63185,2,1,66220,4
438.981533053,downloading,47852723,20704,2,1,66220,4
444.483935926,downloading,47852723,5427,1,1,66300,4
449.990771101,downloading,47934643,7960,1,1,66300,4
455.210035105,downloading,47934643,2608,1,1,66300,4
460.471061316,downloading,47934643,853,1,1,66300,4
465.995109111,downloading,47934643,222,1,1,66300,4
471.454603905,downloading,47934643,71,1,1,66304,4
477.178936534,downloading,47934643,17,1,1,66304,4
482.463885734,downloading,47934643,4,1,1,66304,5
487.605128431,downloading,47934643,0,1,1,66304,5
492.875879865,downloading,48262323,56691,1,1,66624,5
498.061067950,downloading,48409779,39124,1,1,66768,5
503.226598577,downloading,48409779,13885,0,0,66768,5
508.477012838,downloading,48409779,4548,0,0,66768,5
513.658807913,downloading,48409779,1489,0,0,66768,5
518.899224093,downloading,48409779,486,0,0,66768,5
524.804530985,downloading,48409779,126,0,0,66768,5
529.958740724,downloading,48409779,40,0,0,66712,5
535.047823798,downloading,48409779,12,0,0,66712,5
540.275103203,downloading,48409779,3,0,0,66712,5
545.468631652,downloading,48409779,0,0,0,66712,6
550.958928607,downloading,48409779,0,0,0,66712,6
556.164597277,downloading,48409779,1428,1,1,66712,6
561.400421357,downloading,48606387,22172,1,1,66904,6
566.592770116,downloading,48983219,53434,1,1,67288,6
571.893406046,downloading,49540275,102248,1,1,67868,6
577.083134833,downloading,49867955,71230,1,1,68192,6
582.311313350,downloading,50113715,50303,1,1,68448,6
588.145696068,downloading,50736307,104487,1,1,69040,6
593.331361686,downloading,50736307,34236,1,1,69040,6
598.497990591,downloading,50916531,32265,1,1,69216,6
603.670557042,downloading,51342515,65223,1,1,69648,6
608.958913519,downloading,52047027,106875,1,1,70352,7
614.408263780,downloading,52751539,137825,1,1,71008,7
619.653073478,downloading,53537971,152770,1,1,71952,7
624.906541574,downloading,54652083,165058,1,1,72864,7
630.056185070,downloading,55291059,165402,1,1,73488,7
635.260099678,downloading,55897267,114080,1,1,74080,7
640.492666659,downloading,56618163,139583,1,1,74784,7
645.642707993,downloading,57437363,119284,1,1,75584,7
650.837739072,downloading,58059955,116129,1,1,76256,7
656.593663220,downloading,58649779,105757,1,1,76768,7
661.866816624,downloading,59403443,152244,1,1,77504,7
667.352159125,downloading,60402867,171405,1,1,78480,7
672.571709043,downloading,61631667,228700,1,1,79680,7
677.688521689,downloading,62647475,215626,1,1,80672,7
682.862569990,downloading,63941811,205475,1,1,81444,7
688.047461132,downloading,64400563,141045,1,1,81892,7
693.252451328,downloading,64597171,68202,1,1,82084,7
698.383707397,downloading,64957619,69949,1,1,82480,7
703.638236588,downloading,65694899,119860,1,1,83184,7
708.791137962,downloading,66481331,143792,1,1,83920,7
713.970559665,downloading,67071155,124399,1,1,84476,8
719.201543164,downloading,67923123,161129,1,1,85384,8
724.337005605,downloading,68955315,201230,1,1,86344,8
729.536714563,downloading,69872819,164324,1,1,87240,8
734.747982185,downloading,71003315,210047,1,1,88344,8
740.055563378,downloading,72035507,202766,1,1,89432,8
745.386600086,downloading,73329843,246017,1,1,90616,8
750.716336224,downloading,74689715,217711,1,1,91944,8
755.927328859,downloading,75852979,261283,1,1,93080,8
761.293736775,downloading,76950707,209306,1,1,94344,8
766.549729369,downloading,78539955,269946,1,1,95704,8
771.780494475,downloading,79768755,249123,1,1,96904,8
777.237848908,downloading,80833715,203483,1,1,97944,8
782.371873016,downloading,81472691,167360,1,1,98568,8
787.517422608,downloading,82275507,144605,1,1,99352,8
792.776537931,downloading,83225779,159873,1,1,100280,8
797.900231349,downloading,84241587,173802,1,1,101272,8
803.083332776,downloading,85191859,195151,1,1,102200,8
808.222204545,downloading,86617267,275329,1,1,103592,8
813.482935003,downloading,88091827,330749,1,1,105112,8
818.609544357,downloading,88173747,122186,1,1,106072,8
823.716076010,downloading,89992371,228182,1,1,107064,8
828.896080785,downloading,91516083,213964,1,1,108552,8
834.144908440,downloading,92548275,248755,1,1,109560,8
839.302103102,downloading,93285555,188574,1,1,110280,8
844.445685083,downloading,94661811,237394,1,1,111672,9
849.627596223,downloading,95972531,263705,1,1,113048,9
854.858300102,downloading,97447091,293109,1,1,114344,9
860.037057595,downloading,98577587,236967,1,1,115464,9
865.205155009,downloading,99790003,254549,1,1,116632,9
870.369038609,downloading,101477555,283143,1,1,118280,9
875.509948719,downloading,102558899,247483,1,1,119336,9
880.728802774,downloading,104067197,258411,1,1,120808,9
885.812387374,downloading,105738365,274082,1,1,122456,9
890.984336707,downloading,107065469,277656,1,1,123736,9
896.473810227,downloading,108638333,254651,1,1,125288,9
901.632470346,downloading,110276733,297464,1,1,126872,9
906.872225525,downloading,111636605,294418,1,1,128200,9
912.086778904,downloading,113389693,313449,1,1,129928,9
917.323727991,downloading,114602109,267236,1,1,131096,9
922.508555956,downloading,115896445,259085,1,1,132408,9
927.723671794,downloading,117436541,296216,1,1,133864,9
932.914310012,downloading,118911101,313328,1,1,135320,9
938.092193454,downloading,120696957,317254,1,1,137048,10
943.609681753,downloading,122073213,277754,1,1,138520,10
948.830100266,downloading,123121789,209266,1,1,139432,10
954.075211160,downloading,123531389,120209,1,1,139816,10
959.293502784,downloading,124301437,133005,1,1,140568,10
964.470946522,downloading,125169789,130281,1,1,141480,10
969.890012058,downloading,125923453,134331,1,1,142152,10
975.351519344,downloading,126546045,143117,1,1,142760,10
980.583041592,downloading,127332477,143034,1,1,143528,10
985.743500702,downloading,127840381,136962,1,1,144072,10
991.119473944,downloading,128692349,144113,1,1,144856,10
996.277688978,downloading,129478781,151743,1,1,145736,10
1001.439609893,downloading,130347133,152045,1,1,146504,10
1006.637367675,downloading,130723965,89687,1,1,146840,10
1011.866907633,downloading,131002493,71536,1,1,147112,10
1016.998229387,downloading,131641469,83590,1,1,147736,10
1022.194200635,downloading,132182141,109970,1,1,147576,11
1027.670230623,downloading,132329597,46137,1,1,147720,11
1032.819653577,downloading,132345981,16227,1,1,147736,11
1038.513435843,downloading,132477053,20897,1,1,147864,11
1043.685106692,downloading,132493437,9500,1,1,147880,11
1048.855904873,downloading,132509821,4996,1,1,147896,11
1054.041883180,downloading,132526205,3864,1,1,147912,11
1059.156708340,downloading,132558973,4761,1,1,147944,11
1064.404164990,downloading,132624509,11870,1,1,148024,11
1069.622710714,downloading,132755581,21048,1,1,148136,11
1074.864995422,downloading,132903037,25149,1,1,148296,11
1080.082098140,downloading,133148797,42062,1,1,148520,11
1085.346115395,downloading,133542013,66426,1,1,148904,11
1090.610107543,downloading,134066301,99687,1,1,149464,11
1095.868852585,downloading,134901885,151167,1,1,150232,11
1101.207547330,downloading,135426173,120274,1,1,150904,11
1106.606353775,downloading,136491133,184404,1,1,151784,11
1112.073283475,downloading,137031805,104222,1,1,152312,11
1117.205948350,downloading,137523325,103469,1,1,152792,12
1122.480994198,downloading,137834621,79776,1,1,153096,12
1127.822600462,downloading,138014845,47506,1,1,153272,12
1133.051294711,downloading,138080381,32751,1,1,153336,12
1138.309309992,downloading,138162301,20826,1,1,153416,12
1143.516393627,downloading,138342525,33949,1,1,153624,12
1149.101987457,downloading,138670205,47680,1,1,153912,12
1154.373987890,downloading,139145341,85663,1,1,154376,12
1159.511528329,downloading,139849853,127296,1,1,155144,12
1164.748224436,downloading,140865661,178491,1,1,156056,12
1169.982072387,downloading,141488253,122464,1,1,156664,12
1175.178006466,downloading,142585981,195939,1,1,157736,12
1180.380848152,downloading,142913661,99320,1,1,158056,12
1185.583876108,downloading,143782013,136506,1,1,158904,13
1191.071142028,downloading,144732285,162790,1,1,159832,13
1198.631292738,downloading,146075773,206180,1,1,161384,13
1204.571646031,downloading,147222653,214685,1,1,162264,13
1209.936518604,downloading,148156541,180577,1,1,163176,13
1215.194102633,downloading,149024893,205929,1,1,164024,13
1220.638622141,downloading,149713021,138139,1,1,164696,13
1225.827862082,downloading,149713021,45264,1,1,164696,13
1231.143216922,downloading,149713021,11864,1,1,164696,13
1236.370064573,downloading,150106237,67819,1,1,165080,13
1241.682640861,downloading,150106237,22816,1,1,165080,13
1246.812101621,downloading,150106237,7475,1,1,165080,13
1252.093189317,downloading,150171773,10857,1,1,165144,13
1257.566948183,downloading,150319229,24036,1,1,165304,14
1262.905597245,downloading,150548605,39097,1,1,165528,14
1268.074139498,downloading,151367805,124692,1,1,166312,14
1273.213471185,downloading,152236157,160391,1,1,167160,14
1278.381153391,downloading,152334461,71485,1,1,167272,14
1283.476382522,downloading,153448573,183912,1,1,168344,14
1288.585587591,downloading,154955901,221870,1,1,169816,14
1293.744912343,downloading,156315773,261150,1,1,171144,14
1298.935962161,downloading,157773949,291301,1,1,172568,14
1304.111048885,downloading,159395965,274364,1,1,174184,14
1309.381981134,downloading,160624765,258127,1,1,175404,14
1314.597906730,downloading,162132093,238299,1,1,176828,14
1319.791007262,downloading,163262589,239907,1,1,177964,14
1325.106937247,downloading,164835453,249858,1,1,179468,14
1330.305723833,downloading,165998717,234661,1,1,180604,15
1335.475863626,downloading,167293053,274024,1,1,181868,15
1340.772519820,downloading,168800381,278176,1,1,183340,15
1345.979804474,downloading,169963645,198923,1,1,184476,15
1351.102363723,downloading,171257981,227418,1,1,185740,15
1356.298221663,downloading,172601469,228613,1,1,187052,15
1361.493188699,downloading,174141565,269719,1,1,188556,15
1366.688711403,downloading,175583357,289784,1,1,190156,15
1372.527460051,downloading,177025149,261503,1,1,191468,15
1377.898158788,downloading,178303101,274078,1,1,192748,15
1383.092595203,downloading,179695741,253264,1,1,193980,16
1388.264892206,downloading,181071997,252238,1,1,195356,16
1393.471722134,downloading,182694013,297218,1,1,196908,16
1398.788565796,downloading,184152189,286278,1,1,198412,16
1403.964862102,downloading,185790589,314971,1,1,199932,16
1409.146080080,downloading,187265149,280341,1,1,201372,16
1414.357218957,downloading,188690557,281078,1,1,201904,16
1419.570561647,downloading,190230653,302636,1,1,203392,16
1424.862588199,downloading,191721597,259865,1,1,204848,16
1430.107517548,downloading,192901245,237879,1,1,206000,16
1435.332399222,downloading,194244733,282146,1,1,207424,16
1440.702900921,downloading,196046973,284831,1,1,209072,16
1446.104720708,downloading,197472381,269048,1,1,210464,17
1451.497343928,downloading,198865021,278539,1,1,212048,17
1456.698097970,downloading,200437885,263310,1,1,213360,17
1462.090050741,downloading,201764989,233310,1,1,214656,17
1467.377326998,downloading,203042941,275372,1,1,215904,17
1472.598012931,downloading,204386429,189387,1,1,217216,17
1477.741534855,downloading,205713533,251602,1,1,218512,17
1482.910403237,downloading,207040637,267114,1,1,219744,17
1488.116348868,downloading,208121981,259078,1,1,220800,17
1493.270974850,downloading,209121405,222337,1,1,221776,17
1498.532288979,downloading,210088061,196210,1,1,222720,17
1503.684484434,downloading,210858109,175719,1,1,223472,17
1509.102320702,downloading,212004989,201686,1,1,224592,17
1514.844739672,downloading,213282941,250164,1,1,225840,17
1520.011421675,downloading,214364285,165224,1,1,226896,17
1525.157084769,downloading,215363709,233237,1,1,227872,17
1530.416709359,downloading,216805501,257074,1,1,229280,17
1535.764283418,downloading,218001533,226542,1,1,230496,17
1541.039970945,downloading,219443325,254146,1,1,231856,18
1546.407038844,downloading,220819581,280558,1,1,233200,18
1551.537169521,downloading,222081149,258656,1,1,234432,18
1556.886817906,downloading,223375485,231458,1,1,235696,18
1562.086738370,downloading,224866429,298943,1,1,237152,18
1567.247631764,downloading,225783933,229846,1,1,238048,18
1572.438462568,downloading,226619517,164558,1,1,238880,18
1577.695057369,downloading,227209341,111746,1,1,239440,18
1583.012466732,downloading,228143229,138061,1,1,240352,18
1588.225087099,downloading,228896893,160697,1,1,241088,18
1593.442534187,downloading,229552253,142739,1,1,241728,18
1598.578850781,downloading,230043773,130182,1,1,242208,18
1603.808875759,downloading,230518909,117999,1,1,242720,18
1609.106631949,downloading,231551101,163054,1,1,243656,18
1614.325152135,downloading,232059005,112100,1,1,244180,18
1619.476139056,downloading,232403069,62991,1,1,244516,18
1624.688558590,downloading,233517181,166023,1,1,245636,18
1629.864095067,downloading,234041469,130719,1,1,246116,18
1635.156234837,downloading,234041469,42833,1,1,246116,18
1640.488606564,downloading,234664061,74655,1,1,246724,18
1645.714249494,downloading,235696253,190314,1,1,247780,18
1650.921252639,downloading,236138621,103462,1,1,248164,18
1656.142894402,downloading,236138621,33901,1,1,248164,18
1661.358809258,downloading,236400765,42047,1,1,248420,18
1666.588148661,downloading,236499069,25316,1,1,248516,18
1671.703032921,downloading,236630141,26187,1,1,248660,19
1676.883633906,downloading,236810365,32956,1,1,248820,19
1681.997780653,downloading,237301885,62496,1,1,249300,19
1687.470820879,downloading,238088317,135281,1,1,250068,19
1692.640044314,downloading,238612605,119750,1,1,250580,19
1697.830406430,downloading,239202429,90754,1,1,251156,19
1703.045728422,downloading,240054397,158954,1,1,251988,19
1708.264974280,downloading,240824445,139446,1,1,252788,19
1713.482656011,downloading,241479805,136340,1,1,253380,19
1718.603826221,downloading,242249853,152925,1,1,254388,19
1723.803723869,downloading,242741373,93506,1,1,254612,19
1729.213234978,downloading,243282045,91978,1,1,255156,19
1734.346521363,downloading,243789949,77008,1,1,255636,20
1739.549680058,downloading,244789373,175856,1,1,256612,20
1744.752474525,downloading,245641341,178476,1,1,257460,20
1750.109706947,downloading,246755453,219530,1,1,258532,20
1755.394492805,downloading,247214205,153649,1,1,258980,20
1760.495105509,downloading,248213629,175688,1,1,259956,20
1765.630478519,downloading,248803453,163662,1,1,260548,20
1770.913022265,downloading,249753725,188892,1,1,261460,20
1776.069528378,downloading,250327165,119061,1,1,262020,20
1781.193950352,downloading,251031677,115125,1,1,262724,20
1786.412313270,downloading,251949181,166486,1,1,263924,20
1791.595517509,downloading,253194365,164624,1,1,264820,20
1796.734275575,downloading,254046333,209616,1,1,265716,20
1801.985499643,downloading,255078525,194194,1,1,266660,20
1807.221546943,downloading,256094333,206640,1,1,267652,20
1812.398134193,downloading,256831613,194195,1,1,268372,20
1817.648468860,downloading,257896573,219481,1,1,269412,20
1822.790884782,downloading,257896573,71918,1,1,269412,20
1828.000135075,downloading,257896573,23564,1,1,269412,20
1833.107858833,downloading,258715773,114506,1,1,270228,20
1838.288546808,downloading,259813501,168368,1,1,271284,20
1843.482525538,downloading,261795965,265596,1,1,273252,20
1848.585402997,downloading,268742781,992206,1,1,280004,21
1853.797468196,downloading,275574909,1186924,1,1,286488,21
1858.984969797,downloading,282800253,1351351,1,1,293556,21
1864.135299895,downloading,291549309,1496177,1,1,302352,21
1869.351841935,downloading,301265021,1870164,1,1,311660,21
1874.611559343,downloading,308981885,1502976,1,1,319196,22
1879.924332801,downloading,308981885,492494,1,1,319196,22
1885.231345300,downloading,308981885,161379,1,1,319196,22
1890.390799509,downloading,309031037,59766,1,1,319244,22
1895.506372176,downloading,309096573,25709,1,1,319324,22
1900.839364758,downloading,309178493,17358,1,1,319388,22
1905.943424511,downloading,309473405,43327,1,1,319676,22
1911.163665971,downloading,309768317,51088,1,1,319964,22
1916.388184631,downloading,310194301,81063,1,1,320380,22
1921.714537089,downloading,310980733,95492,1,1,321148,22
1926.904642376,downloading,310980733,31289,1,1,321148,22
1932.094339648,downloading,312045693,153120,1,1,322188,22
1937.225526213,downloading,312242301,76002,1,1,322396,22
1942.606923490,downloading,312438909,46319,1,1,322588,22
1947.764402660,downloading,314142845,273089,0,0,324236,22
1952.911686163,downloading,314142845,89484,0,0,324236,22
1958.077830202,downloading,314142845,29321,0,0,324236,22
1963.293626286,downloading,314142845,9606,0,0,324236,22
1968.427564652,downloading,314142845,3146,0,0,324236,22
1973.574808425,downloading,314142845,1029,0,0,324236,22
1978.769489664,downloading,314142845,268,0,0,324236,22
1983.915390801,downloading,314142845,86,0,0,324236,22
1989.141997531,downloading,314142845,27,0,0,324236,22
1994.333906478,downloading,314142845,7,0,0,324236,22
1999.629090326,downloading,314503293,33283,1,1,324588,23
2004.875833678,downloading,320254077,756141,1,1,330348,23
2010.077317504,downloading,326381693,1048949,1,1,336300,23
2015.321527473,downloading,332755069,1175684,1,1,342540,23
2020.507803966,downloading,339292285,1260934,1,1,348940,23
2025.678394770,downloading,345747581,1251911,1,1,355388,24
2030.892008694,downloading,351236221,1038227,1,1,360572,24
2036.286348830,downloading,355053693,861058,1,1,364268,24
2041.440896700,downloading,359379069,825041,1,1,368412,24
2046.565378853,downloading,363507837,750016,1,1,372444,24
2051.785005303,downloading,367784061,826839,1,1,376700,25
2056.996155661,downloading,371617917,798153,1,1,380412,25
2062.263214160,downloading,376713341,910274,1,1,385468,25
2067.466613617,downloading,383168637,1133713,1,1,391800,25
2072.628273201,downloading,387821693,995626,1,1,396216,25
2077.970909347,downloading,394604669,1036069,1,1,402888,26
2083.197655677,downloading,400339069,1107352,1,1,408504,26
2088.401711423,downloading,406777981,1197651,1,1,414760,26
2093.576309252,downloading,411349117,1000918,1,1,419320,26
2098.901210620,downloading,417722493,1188857,1,1,425496,26
2104.083496062,downloading,422948989,1026911,1,1,430568,26
2109.268290209,downloading,428847229,1113458,1,1,436440,27
2114.658577693,downloading,434663549,1165246,1,1,442600,27
2119.873192394,downloading,441331837,1187716,1,1,448136,27
2125.139428262,downloading,446886013,1099990,1,1,453560,27
2130.299653514,downloading,453357693,1200531,1,1,459800,27
2135.475899057,downloading,459403389,1179642,1,1,465816,27
2140.657713609,downloading,465580157,1169569,1,1,471752,28
2145.788099357,downloading,470331517,1046057,1,1,476376,28
2150.964022023,downloading,475558013,946063,1,1,481480,28
2156.149078053,downloading,476721277,461593,1,1,482664,28
2161.282880783,downloading,477442173,220124,1,1,483320,28
2166.445161164,downloading,477442173,72129,1,1,483320,28
2171.689360225,downloading,477950077,100460,1,1,482452,28
2176.852951002,downloading,478064765,46822,1,1,482564,28
2182.050129907,downloading,478474365,53734,1,1,482980,28
2187.294771345,downloading,479408253,131596,1,1,483876,28
2192.464854684,downloading,479408253,43120,1,1,483876,28
2197.738480738,downloading,479768701,65793,1,1,484228,28
2202.870538826,downloading,479932541,39758,1,1,484388,28
2208.029044013,downloading,480555133,95424,1,1,485028,28
2213.205522928,downloading,481390717,156388,1,1,485812,28
2218.358444132,downloading,482062461,137942,1,1,486468,28
2223.542001102,downloading,483307645,203999,1,1,487684,29
2228.886243479,downloading,484241533,197105,1,1,488596,29
2234.043904924,downloading,489484413,769976,1,1,493716,29
2239.249584439,downloading,494432381,908816,1,1,498900,29
2244.660912116,downloading,500445309,1033758,1,1,504420,29
2250.248194330,downloading,507621501,1211413,1,1,511524,29
2255.397880066,downloading,513618045,1203261,1,1,517428,29
2260.553508865,downloading,517058685,912161,1,1,520644,30
2265.759885041,downloading,517402749,328862,1,1,521012,30
2270.872806187,downloading,518615165,231037,1,1,522164,30
2276.121413846,downloading,519565437,234250,1,1,523092,30
2281.431715695,downloading,520237181,171032,1,1,523844,30
2286.875113410,downloading,526626941,854731,1,1,530132,30
2292.090106563,idle,536883325,0,0,0,15632,31
